{
    "users":[
        {
            "id":1,
            "email":"admin@gmail.com",
            "password":"admin@123",
            "name":"admin",
            "age":22,
            "gender":"Male",
            "type":"admin"
        },
        {
            "id":2,
            "email":"user@gmail.com",
            "password":"user@123",
            "name":"user",
            "age":22,
            "gender":"Male",
            "type":"user"
        }
    ],
    "products":[
        {
            "name": "MAJE",
            "id":1,
            "image1": "https://www.yoox.com/images/items/14/14270715XR_14_f.jpg?impolicy=crop&width=387&height=490",
            "image2": "https://www.yoox.com/images/items/14/14270715XR_14_r.jpg?impolicy=crop&width=387&height=490",
            "description": "Some Desciption",
            "prize": 220,
            "category":"Women",
            "tags": "upperwear"
        },
        {
            "name": "MAJE",
            "id":2,
            "image1": "https://www.yoox.com/images/items/45/45703381NK_14_f.jpg?impolicy=crop&width=387&height=490",
            "image2": "https://www.yoox.com/images/items/45/45703381NK_14_e.jpg?impolicy=crop&width=387&height=490",
            "description": "Some Desciption",
            "prize": 655,
            "category":"Women",
            "tags": "bags"
        },
        {
            "name": "BALENCIAGA",
            "id":3,
            "image1": "https://www.yoox.com/images/items/11/11920759UU_14_f.jpg?impolicy=crop&width=387&height=490",
            "image2": "https://www.yoox.com/images/items/11/11920759UU_14_e.jpg?impolicy=crop&width=387&height=490",
            "description": "Some Desciption",
            "prize": 655,
            "category":"Women",
            "tags": "shoe"
        },
        {
            "name": "DOLCE & GABBANA",
            "id":4,
            "image1": "https://www.yoox.com/images/items/46/46854541BV_14_f.jpg?impolicy=crop&width=387&height=490",
            "image2": "https://www.yoox.com/images/items/46/46854541BV_14_f.jpg?impolicy=crop&width=387&height=490",
            "description": "Some Desciption",
            "prize": 655,
            "category":"Men",
            "tags": "jwellery"
        }
    ],
    "cart":[
        {
            "name": "BALENCIAGA",
            "image1": "https://www.yoox.com/images/items/11/11920759UU_14_f.jpg?impolicy=crop&width=387&height=490",
            "image2": "https://www.yoox.com/images/items/11/11920759UU_14_e.jpg?impolicy=crop&width=387&height=490",
            "description": "Some Desciption",
            "prize": 655,
            "category":"Women",
            "tags": "shoe",
            "count":3
        },
        {
            "name": "DOLCE & GABBANA",
            "image1": "https://www.yoox.com/images/items/46/46854541BV_14_f.jpg?impolicy=crop&width=387&height=490",
            "image2": "https://www.yoox.com/images/items/46/46854541BV_14_f.jpg?impolicy=crop&width=387&height=490",
            "description": "Some Desciption",
            "prize": 655,
            "category":"Men",
            "tags": "jwellery",
            "count":1
        }
    ]
}